{"cameraMode":{"drawMode":0,"name":"Shaded","section":"Shading Mode"},"sceneLighting":true,"audioPlay":false,"sceneViewState":{"showFog":true,"showMaterialUpdate":true,"showSkybox":true,"showFlares":true,"showImageEffects":true,"showParticleSystems":true},"in2DMode":false,"pivot":{"x":14.773258209228516,"y":10.475028991699219,"z":30.792648315429689},"rotation":{"x":-0.17844079434871674,"y":-0.09811981767416,"z":0.017885183915495874,"w":-0.9788888096809387},"size":107.58263397216797,"orthographic":false}