{"cameraMode":{"drawMode":0,"name":"Shaded","section":"Shading Mode"},"sceneLighting":true,"audioPlay":false,"sceneViewState":{"showFog":true,"showMaterialUpdate":true,"showSkybox":true,"showFlares":true,"showImageEffects":true,"showParticleSystems":true},"in2DMode":false,"pivot":{"x":33.27975845336914,"y":31.095609664916993,"z":19.51053810119629},"rotation":{"x":-0.09616151452064514,"y":-0.0008980641141533852,"z":0.00008229478407884017,"w":-0.9953728914260864},"size":105.8534927368164,"orthographic":false}