{"cameraMode":{"drawMode":0,"name":"Shaded","section":"Shading Mode"},"sceneLighting":true,"audioPlay":false,"sceneViewState":{"showFog":true,"showMaterialUpdate":true,"showSkybox":true,"showFlares":true,"showImageEffects":true,"showParticleSystems":true},"in2DMode":false,"pivot":{"x":32.59013748168945,"y":33.728858947753909,"z":20.026138305664064},"rotation":{"x":-0.09616151452064514,"y":-0.0008980641141533852,"z":0.00008229478407884017,"w":-0.9953728914260864},"size":95.49737548828125,"orthographic":false}