{"cameraMode":{"drawMode":0,"name":"Shaded","section":"Shading Mode"},"sceneLighting":false,"audioPlay":false,"sceneViewState":{"showFog":true,"showMaterialUpdate":true,"showSkybox":false,"showFlares":true,"showImageEffects":true,"showParticleSystems":true},"in2DMode":false,"pivot":{"x":488.88623046875,"y":271.0516357421875,"z":8.265401840209961},"rotation":{"x":-0.06925138086080551,"y":-0.009878231212496758,"z":0.0006821773131377995,"w":-0.9975578188896179},"size":234.61439514160157,"orthographic":false}