{"cameraMode":{"drawMode":0,"name":"Shaded","section":"Shading Mode"},"sceneLighting":false,"audioPlay":false,"sceneViewState":{"showFog":true,"showMaterialUpdate":true,"showSkybox":false,"showFlares":true,"showImageEffects":true,"showParticleSystems":true},"in2DMode":false,"pivot":{"x":0.0,"y":-1.2249999046325684,"z":1.3999998569488526},"rotation":{"x":-0.03178773447871208,"y":-0.0323806069791317,"z":0.001029955456033349,"w":-0.9989745020866394},"size":5.292001247406006,"orthographic":false}