{"cameraMode":{"drawMode":0,"name":"Shaded","section":"Shading Mode"},"sceneLighting":false,"audioPlay":false,"sceneViewState":{"showFog":true,"showMaterialUpdate":true,"showSkybox":false,"showFlares":true,"showImageEffects":true,"showParticleSystems":true},"in2DMode":false,"pivot":{"x":1.4356834888458253,"y":0.33269500732421877,"z":1.6655807495117188},"rotation":{"x":-0.05721820518374443,"y":-0.04581104964017868,"z":0.00262764235958457,"w":-0.9973104000091553},"size":5.292001247406006,"orthographic":false}