{"cameraMode":{"drawMode":0,"name":"Shaded","section":"Shading Mode"},"sceneLighting":true,"audioPlay":false,"sceneViewState":{"showFog":true,"showMaterialUpdate":true,"showSkybox":true,"showFlares":true,"showImageEffects":true,"showParticleSystems":true},"in2DMode":false,"pivot":{"x":56.547828674316409,"y":21.927095413208009,"z":17.281063079833986},"rotation":{"x":-0.04678916558623314,"y":-0.012887789867818356,"z":0.0005988383200019598,"w":-0.9988306760787964},"size":114.6925277709961,"orthographic":false}