{"cameraMode":{"drawMode":0,"name":"Shaded","section":"Shading Mode"},"sceneLighting":false,"audioPlay":false,"sceneViewState":{"showFog":true,"showMaterialUpdate":false,"showSkybox":false,"showFlares":true,"showImageEffects":true,"showParticleSystems":true},"in2DMode":false,"pivot":{"x":0.46576160192489626,"y":0.7622945308685303,"z":0.5004706382751465},"rotation":{"x":-0.13190391659736634,"y":-0.017249509692192079,"z":0.002295794663950801,"w":-0.9911112785339356},"size":3.7179698944091799,"orthographic":false}