{"cameraMode":{"drawMode":0,"name":"Shaded","section":"Shading Mode"},"sceneLighting":true,"audioPlay":false,"sceneViewState":{"showFog":true,"showMaterialUpdate":true,"showSkybox":true,"showFlares":true,"showImageEffects":true,"showParticleSystems":true},"in2DMode":false,"pivot":{"x":110.57058715820313,"y":1.0373622179031373,"z":12.529741287231446},"rotation":{"x":-0.08118148148059845,"y":-0.030795332044363023,"z":0.0025084365624934437,"w":-0.9962258338928223},"size":16.541667938232423,"orthographic":false}