{"cameraMode":{"drawMode":0,"name":"Shaded","section":"Shading Mode"},"sceneLighting":true,"audioPlay":false,"sceneViewState":{"showFog":true,"showMaterialUpdate":false,"showSkybox":false,"showFlares":true,"showImageEffects":true,"showParticleSystems":true},"in2DMode":false,"pivot":{"x":0.9712882041931152,"y":2.4815845489501955,"z":0.5104160308837891},"rotation":{"x":-0.0976492166519165,"y":0.009551539085805416,"z":-0.0009371056221425533,"w":-0.9951761364936829},"size":4.39187479019165,"orthographic":false}