{"cameraMode":{"drawMode":0,"name":"Shaded","section":"Shading Mode"},"sceneLighting":false,"audioPlay":false,"sceneViewState":{"showFog":true,"showMaterialUpdate":true,"showSkybox":false,"showFlares":true,"showImageEffects":true,"showParticleSystems":true},"in2DMode":false,"pivot":{"x":0.4925456643104553,"y":1.7130792140960694,"z":0.16356270015239716},"rotation":{"x":-0.04379517585039139,"y":-0.005396868567913771,"z":0.0002346310648135841,"w":-0.9990330338478088},"size":3.900017023086548,"orthographic":false}