{"cameraMode":{"drawMode":0,"name":"Shaded","section":"Shading Mode"},"sceneLighting":false,"audioPlay":false,"sceneViewState":{"showFog":true,"showMaterialUpdate":true,"showSkybox":false,"showFlares":true,"showImageEffects":true,"showParticleSystems":true},"in2DMode":false,"pivot":{"x":0.21027818322181703,"y":-0.2438368797302246,"z":0.18444228172302247},"rotation":{"x":-0.12745194137096406,"y":-0.012796830385923386,"z":0.0016438191523775459,"w":-0.9917649030685425},"size":2.0875966548919679,"orthographic":false}