{"cameraMode":{"drawMode":0,"name":"Shaded","section":"Shading Mode"},"sceneLighting":false,"audioPlay":false,"sceneViewState":{"showFog":true,"showMaterialUpdate":true,"showSkybox":false,"showFlares":true,"showImageEffects":true,"showParticleSystems":true},"in2DMode":false,"pivot":{"x":0.3633159399032593,"y":0.6428089141845703,"z":0.010000228881835938},"rotation":{"x":-0.1304328292608261,"y":-0.008330520242452622,"z":0.0010953296441584826,"w":-0.9914252161979675},"size":2.9875965118408205,"orthographic":false}