{"cameraMode":{"drawMode":0,"name":"Shaded","section":"Shading Mode"},"sceneLighting":true,"audioPlay":false,"sceneViewState":{"showFog":true,"showMaterialUpdate":true,"showSkybox":true,"showFlares":true,"showImageEffects":true,"showParticleSystems":true},"in2DMode":false,"pivot":{"x":56.043235778808597,"y":13.989273071289063,"z":52.41902542114258},"rotation":{"x":-0.17930284142494203,"y":-0.018594739958643915,"z":0.003388881217688322,"w":-0.9836181998252869},"size":137.9336395263672,"orthographic":false}