{"cameraMode":{"drawMode":0,"name":"Shaded","section":"Shading Mode"},"sceneLighting":false,"audioPlay":false,"sceneViewState":{"showFog":true,"showMaterialUpdate":true,"showSkybox":false,"showFlares":true,"showImageEffects":true,"showParticleSystems":true},"in2DMode":false,"pivot":{"x":0.4457389712333679,"y":0.1638638973236084,"z":0.24376869201660157},"rotation":{"x":-0.13785812258720399,"y":-0.01277883816510439,"z":0.0017788643017411233,"w":-0.9903714656829834},"size":6.472366809844971,"orthographic":false}