{"cameraMode":{"drawMode":0,"name":"Shaded","section":"Shading Mode"},"sceneLighting":true,"audioPlay":false,"sceneViewState":{"showFog":true,"showMaterialUpdate":true,"showSkybox":true,"showFlares":true,"showImageEffects":true,"showParticleSystems":true},"in2DMode":false,"pivot":{"x":24.918333053588868,"y":16.133586883544923,"z":29.245460510253908},"rotation":{"x":-0.16899317502975465,"y":0.005024319048970938,"z":-0.0008614019025117159,"w":-0.9856075048446655},"size":102.22599029541016,"orthographic":false}